COD_STRUTTURA_OD,STRUTTURA,ASSISTENZA,TIPO_RAPPORTO,NUM_UTENTI,NUM_POSTI,NUM_AMMISSIONI,NUM_DIMISSIONI,CareType,NumAssistanceDays,INDIRIZZO,CAP,COMUNE,TELEFONO,E_MAIL,SITO_WEB,LATITUDINE_P,LONGITUDINE_P,COMUNE
STR042101010401S09,AZIENDA PUBBLICA SERVIZI ALLA PERSONA -  RSA PREDAZZO,ASSISTENZA AGLI ANZIANI,STRUTTURA NON DIRETTAMENTE GESTITA,116,86,32.0,34.0,Residential,31273,VIA E SOTTSASS  11,38037,PREDAZZO,462501235,upipa.predazzo@mail.infotn.it,www.upipa.tn.it,46.313561,11.601377,PREDAZZO
STR042101010601S09,AZIENDA PUBBLICA SERVIZI ALLA PERSONA - RSA TESERO,ASSISTENZA AGLI ANZIANI,STRUTTURA NON DIRETTAMENTE GESTITA,104,70,40.0,40.0,Residential,25550,VIA GIOVANELLI  12,38038,TESERO,462813027,upipa.tesero@mail.infotn.it,www.casadiriposogiovanelli.org,46.28919,11.510085,TESERO
STR042101020301S09,AZIENDA PUBBLICA SERVIZI ALLA PERSONA - RSA CANAL S.BOVO,ASSISTENZA AGLI ANZIANI,STRUTTURA NON DIRETTAMENTE GESTITA,86,53,32.0,32.0,Residential,19345,VIA DANOLI  15,38050,CANAL SAN BOVO,439719009,info@apspvalledelvanoi.it,www.apspvalledelvanoi.it,46.155424,11.734069,CANAL SAN BOVO
STR042101020401S09,AZIENDA PUBBLICA SERVIZI ALLA PERSONA - RSA TRANSACQUA,ASSISTENZA AGLI ANZIANI,STRUTTURA NON DIRETTAMENTE GESTITA,111,72,40.0,41.0,Residential,26280,VIALE MARCONI  19,38054,PRIMIERO SAN MARTINO DI CASTROZZA,43962371,segreteria@apsp-primiero.net,www.apsp-primiero.net,46.175432,11.824865,PRIMIERO SAN MARTINO DI CASTROZZA
STR042101032001S09,AZIENDA PUBBLICA SERVIZI ALLA PERSONA - RSA CASTELLO TESINO,ASSISTENZA AGLI ANZIANI,STRUTTURA NON DIRETTAMENTE GESTITA,83,56,27.0,28.0,Residential,20440,V OSPEDALE 12,38053,CASTELLO TESINO,461594166,info@apspsuoragnese.it,www.apspsuoragnese.it,46.064522,11.633137,CASTELLO TESINO
STR042101032003S11,COMUNITA' RESIDENZIALE TEMPORANEA MASO TOFFA,ASSISTENZA AI DISABILI PSICHICI,STRUTTURA NON DIRETTAMENTE GESTITA,6,4,1.0,0.0,Residential,1460,LOCALITA  CELA  16,38033,CARANO,462235298,masotoffa@oltre.coop,www.oltre.coop,46.293533,11.417995,CARANO
STR042101032101S09,AZIENDA PUBBLICA SERVIZI ALLA PERSONA - RSA PIEVE TESINO,ASSISTENZA AGLI ANZIANI,STRUTTURA NON DIRETTAMENTE GESTITA,75,51,27.0,27.0,Residential,18559,VIA BATTAGLION FELTRE  19,38050,PIEVE TESINO,461594179,upipa.pievetesino@mail.infotn.it,www.piccolospedale.it,46.065043,11.633105,PIEVE TESINO
STR042101032201S09,AZIENDA PUBBLICA SERVIZI ALLA PERSONA - RSA STRIGNO,ASSISTENZA AGLI ANZIANI,STRUTTURA NON DIRETTAMENTE GESTITA,117,82,38.0,38.0,Residential,29930,VIA BORGO ALLOCCO  2,38059,CASTEL IVANO,461762009,segreteria@apspstrigno.it,www.apspstrigno.it,46.06942,11.525145,CASTEL IVANO
STR042101032301S09,AZIENDA PUBBLICA SERVIZI ALLA PERSONA - RSA RONCEGNO,ASSISTENZA AGLI ANZIANI,STRUTTURA NON DIRETTAMENTE GESTITA,64,49,15.0,15.0,Residential,17865,VIA ALLE FONTI 1,38050,RONCEGNO TERME,461764607,upipa.roncegno@mail.infotn.it,www.upipa.tn.it,46.05322,11.406355,RONCEGNO TERME
STR042101032401S09,AZIENDA PUBBLICA SERVIZI ALLA PERSONA - RSA BORGO VALSUGANA,ASSISTENZA AGLI ANZIANI,STRUTTURA NON DIRETTAMENTE GESTITA,87,68,17.0,18.0,Residential,24820,VIA PER TELVE  7,38051,BORGO VALSUGANA,461754123,info@apspborgo.it,www.apspborgo.it,46.058153,11.468989,BORGO VALSUGANA
STR042101032501S09,AZIENDA PUBBLICA SERVIZI ALLA PERSONA - RSA GRIGNO,ASSISTENZA AGLI ANZIANI,STRUTTURA NON DIRETTAMENTE GESTITA,64,49,16.0,15.0,Residential,17847,VIA VITTORIO EMANUELE  131,38055,GRIGNO,461765118,info@apspgrigno.it,www.apspgrigno.it,46.016024,11.633234,GRIGNO
STR042101040104S05,APSS - RSA PSICHIATRICA,ASSISTENZA PSICHIATRICA,STRUTTURA DIRETTAMENTE GESTITA,4,4,0.0,1.0,Residential,1153,VIA S  PIETRO  2,38057,PERGINE VALSUGANA,461515317,psichiatriapergine@apss.tn.it,www.apss.tn.it,11.2449,46.0633,PERGINE VALSUGANA
STR042101040104S05,APSS - RSA PSICHIATRICA,ASSISTENZA PSICHIATRICA,STRUTTURA DIRETTAMENTE GESTITA,4,4,0.0,1.0,Residential,1153,VIA S  PIETRO  2,38057,PERGINE VALSUGANA,461515317,psichiatriapergine@apss.tn.it,www.apss.tn.it,46.0633,11.2449,PERGINE VALSUGANA
STR042101040104S05,APSS - RSA PSICHIATRICA,ASSISTENZA PSICHIATRICA,STRUTTURA DIRETTAMENTE GESTITA,4,4,0.0,1.0,Residential,1153,VIA S  PIETRO  2,38057,PERGINE VALSUGANA,461515317,psichiatriapergine@apss.tn.it,www.apss.tn.it,46.0633,11.2449,PERGINE VALSUGANA
STR042101040104S09,APSS - RSA PSICHIATRICA,ASSISTENZA AGLI ANZIANI,STRUTTURA DIRETTAMENTE GESTITA,34,32,5.0,5.0,Residential,11385,VIA S  PIETRO  2,38057,PERGINE VALSUGANA,461515317,psichiatriapergine@apss.tn.it,www.apss.tn.it,11.2449,46.0633,PERGINE VALSUGANA
STR042101040104S09,APSS - RSA PSICHIATRICA,ASSISTENZA AGLI ANZIANI,STRUTTURA DIRETTAMENTE GESTITA,34,32,5.0,5.0,Residential,11385,VIA S  PIETRO  2,38057,PERGINE VALSUGANA,461515317,psichiatriapergine@apss.tn.it,www.apss.tn.it,46.0633,11.2449,PERGINE VALSUGANA
STR042101040104S09,APSS - RSA PSICHIATRICA,ASSISTENZA AGLI ANZIANI,STRUTTURA DIRETTAMENTE GESTITA,34,32,5.0,5.0,Residential,11385,VIA S  PIETRO  2,38057,PERGINE VALSUGANA,461515317,psichiatriapergine@apss.tn.it,www.apss.tn.it,46.0633,11.2449,PERGINE VALSUGANA
STR042101040104S11,APSS - RSA PSICHIATRICA,ASSISTENZA AI DISABILI PSICHICI,STRUTTURA DIRETTAMENTE GESTITA,2,2,0.0,2.0,Residential,352,VIA S  PIETRO  2,38057,PERGINE VALSUGANA,461515317,psichiatriapergine@apss.tn.it,www.apss.tn.it,11.2449,46.0633,PERGINE VALSUGANA
STR042101040104S11,APSS - RSA PSICHIATRICA,ASSISTENZA AI DISABILI PSICHICI,STRUTTURA DIRETTAMENTE GESTITA,2,2,0.0,2.0,Residential,352,VIA S  PIETRO  2,38057,PERGINE VALSUGANA,461515317,psichiatriapergine@apss.tn.it,www.apss.tn.it,46.0633,11.2449,PERGINE VALSUGANA
STR042101040104S11,APSS - RSA PSICHIATRICA,ASSISTENZA AI DISABILI PSICHICI,STRUTTURA DIRETTAMENTE GESTITA,2,2,0.0,2.0,Residential,352,VIA S  PIETRO  2,38057,PERGINE VALSUGANA,461515317,psichiatriapergine@apss.tn.it,www.apss.tn.it,46.0633,11.2449,PERGINE VALSUGANA
STR042101040501S05,RESIDENZA PSICHIATRICA PERUSINI,ASSISTENZA PSICHIATRICA,STRUTTURA DIRETTAMENTE GESTITA,14,10,5.0,7.0,Residential,2349,VIA SAN PIETRO  2,38057,PERGINE VALSUGANA,461515313,psichiatriapergine@apss.tn.it,www.apss.tn.it,46.0517181,11.2189907,PERGINE VALSUGANA
STR042101040502S05,RESIDENZE PSICHIATRICHE,ASSISTENZA PSICHIATRICA,STRUTTURA DIRETTAMENTE GESTITA,19,18,1.0,3.0,Residential,5449,VIA SAN PIETRO,38057,PERGINE VALSUGANA,461515317,psichiatriapergine@apss.tn.it,www.apss.tn.it,11.2449,46.0633,PERGINE VALSUGANA
STR042101040502S05,RESIDENZE PSICHIATRICHE,ASSISTENZA PSICHIATRICA,STRUTTURA DIRETTAMENTE GESTITA,19,18,1.0,3.0,Residential,5449,VIA SAN PIETRO,38057,PERGINE VALSUGANA,461515317,psichiatriapergine@apss.tn.it,www.apss.tn.it,11.2449,46.0633,PERGINE VALSUGANA
STR042101040502S11,RESIDENZE PSICHIATRICHE,ASSISTENZA AI DISABILI PSICHICI,STRUTTURA DIRETTAMENTE GESTITA,2,3,0.0,0.0,Residential,730,VIA SAN PIETRO,38057,PERGINE VALSUGANA,461515317,psichiatriapergine@apss.tn.it,www.apss.tn.it,11.2449,46.0633,PERGINE VALSUGANA
STR042101040502S11,RESIDENZE PSICHIATRICHE,ASSISTENZA AI DISABILI PSICHICI,STRUTTURA DIRETTAMENTE GESTITA,2,3,0.0,0.0,Residential,730,VIA SAN PIETRO,38057,PERGINE VALSUGANA,461515317,psichiatriapergine@apss.tn.it,www.apss.tn.it,11.2449,46.0633,PERGINE VALSUGANA
STR042101040503S05,RESIDENZA PSICHIATRICA LEVICO - I RODODENDRI,ASSISTENZA PSICHIATRICA,STRUTTURA DIRETTAMENTE GESTITA,15,10,7.0,9.0,Residential,2435,VIA SLUCCA DE MATTEONI  10,38056,LEVICO TERME,461727832,psichiatriapergine@apss.tn.it,www.apss.tn.it,46.009549,11.303954,LEVICO TERME
STR042101040504S05,RESIDENZA PER L'ESECUZIONE DELLE MISURE DI SICUREZZA - REMS PERGINE,ASSISTENZA PSICHIATRICA,STRUTTURA DIRETTAMENTE GESTITA,16,10,7.0,7.0,Residential,3454,VIA SAN PIETRO  2,38057,PERGINE VALSUGANA,461515138,psichiatriapergine@apss.tn.it,www.apss.tn.it,11.2449,46.0633,PERGINE VALSUGANA
STR042101041201S09,AZIENDA PUBBLICA SERVIZI ALLA PERSONA - RSA PERGINE,ASSISTENZA AGLI ANZIANI,STRUTTURA NON DIRETTAMENTE GESTITA,292,201,97.0,97.0,Residential,73365,VIA MARCONI  4,38057,PERGINE VALSUGANA,461706434,amministrazione@apsp-pergine.it,www.apsp-pergine.it,46.063539,11.243005,PERGINE VALSUGANA
STR042101041301S09,AZIENDA PUBBLICA SERVIZI ALLA PERSONA - RSA LEVICO TERME,ASSISTENZA AGLI ANZIANI,STRUTTURA NON DIRETTAMENTE GESTITA,192,129,67.0,68.0,Residential,46931,VIA C CAVOUR  65,38056,LEVICO TERME,461706225,segreteria@apsplevicoterme.it,www.apsplevicoterme.it,46.009411,11.302842,LEVICO TERME
STR042101041305S10,CENTRO DON ZIGLIO -CENTRO RESIDENZIALE DISABILI - LEVICO TERME,ASSISTENZA AI DISABILI FISICI,STRUTTURA NON DIRETTAMENTE GESTITA,102,95,5.0,4.0,Residential,34675,VIA SILVA DOMINI  37,38056,LEVICO TERME,461706055,info@centrodonziglio.it,www.centrodonziglio.it,46.012926,11.30383,LEVICO TERME
STR042101041401S09,RSA - SPES VILLA ALPINA - BASELGA DI PINE',ASSISTENZA AGLI ANZIANI,STRUTTURA NON DIRETTAMENTE GESTITA,101,56,48.0,47.0,Residential,20401,VIA IV NOVEMBRE  29 MONTAGNAGA,38042,BASELGA DI PINÈ,461559500,villaalpina@gruppospes.it,www.gruppospes.it,46.103828,11.237955,BASELGA DI PINÈ
STR042101041501S11,COMUNITA' RESIDENZIALE TEMPORANEA PICCOLO PRINCIPE,ASSISTENZA AI DISABILI PSICHICI,STRUTTURA NON DIRETTAMENTE GESTITA,7,6,1.0,2.0,Residential,1995,VIA MARCONI  7   PIEVE,38054,PRIMIERO SAN MARTINO DI CASTROZZA,43964672,principeprimiero@gmail.com, ,46.173383,11.825447,PRIMIERO SAN MARTINO DI CASTROZZA
STR042101041601S09,CASA SANTA MARIA - COOP. KALEIDOSCOPIO SCS,ASSISTENZA AGLI ANZIANI,STRUTTURA NON DIRETTAMENTE GESTITA,113,10,149.0,149.0,Residential,3638,VIA AL CASTELLO  39,38049,ALTOPIANO DELLA VIGOLANA,461848568,info@casasantamaria.trentino.it,www.casasantamaria.trentino.it,46.005528,11.20397,ALTOPIANO DELLA VIGOLANA
STR042101050400S12,HOSPICE TRENTO VILLA IGEA,ASSISTENZA AI MALATI TERMINALI,STRUTTURA DIRETTAMENTE GESTITA,126,7,117.0,122.0,Residential,2482,VIA MALTA  16,38122,TRENTO,461611137,CurePalliativeHospice@apss.tn.it,www.apss.tn.it,46.0617,11.1279,TRENTO
STR042101050407S12,FONDAZIONE HOSPICE TRENTINO ONLUS,ASSISTENZA AI MALATI TERMINALI,STRUTTURA NON DIRETTAMENTE GESTITA,179,12,193.0,180.0,Residential,3216,VIA C  MENGUZZATO  48,38123,TRENTO,461239131,info@fondazionehospicetn.it, ,11.137198,46.038432,TRENTO
STR042101050502S09,RSAO S. CAMILLO,ASSISTENZA AGLI ANZIANI,STRUTTURA NON DIRETTAMENTE GESTITA,105,25,82.0,81.0,Residential,8771,VIA GIOVANELLI  19,38122,TRENTO,461216111,direzione@sancamillo.com,www.sancamillo.com,46.065474,11.131722,TRENTO
STR042101050804S05,APP.TO DEL FARE INSIEME 'VIALE TRIESTE',ASSISTENZA PSICHIATRICA,STRUTTURA DIRETTAMENTE GESTITA,6,4,2.0,4.0,Residential,1356,VIALE TRIESTE  29,38122,TRENTO,461987110, , ,46.065273,11.136137,TRENTO
STR042101050805S05,APP.TO DEL FARE INSIEME 'P.ZZA MOSTRA NORD',ASSISTENZA PSICHIATRICA,STRUTTURA DIRETTAMENTE GESTITA,5,4,2.0,1.0,Residential,1334,PIAZZA MOSTRA  7,38122,TRENTO,461232874, , ,46.070842,11.125939,TRENTO
STR042101050806S05,APP.TO DEL FARE INSIEME 'P.ZZA MOSTRA SUD',ASSISTENZA PSICHIATRICA,STRUTTURA DIRETTAMENTE GESTITA,4,3,3.0,3.0,Residential,973,PIAZZA MOSTRA  7,38122,TRENTO,461231535, , ,46.070842,11.125939,TRENTO
STR042101050807S05,COMUNITA' 'CASA DEL SOLE',ASSISTENZA PSICHIATRICA,STRUTTURA DIRETTAMENTE GESTITA,20,14,10.0,10.0,Residential,4278,VIA MENGUZZATO  50,38123,TRENTO,461390472, , ,46.039027,11.135236,TRENTO
STR042101050808S05,CASA DELL'AUTO AIUTO,ASSISTENZA PSICHIATRICA,STRUTTURA DIRETTAMENTE GESTITA,18,9,16.0,13.0,Residential,2037,VIA DELLA COLLINA  10,38121,TRENTO,461234972, , ,46.069696,11.130921,TRENTO
STR042101052000S09,AZIENDA PUBBLICA SERVIZI ALLA PERSONA - CIVICA TRENTO - S.BARTOLOMEO,ASSISTENZA AGLI ANZIANI,STRUTTURA NON DIRETTAMENTE GESTITA,194,124,74.0,76.0,Residential,44857,VIA DELLA MALPENSADA  156,38122,TRENTO,461385000,segreteria@civicatnapsp.it,www.civicatnapsp.it,46.0456343,11.1325757,TRENTO
STR042101052001S09,"AZIENDA PUBBLICA SERVIZI ALLA PERSONA - ""BEATO DE TSCHIDERER"" -",ASSISTENZA AGLI ANZIANI,STRUTTURA NON DIRETTAMENTE GESTITA,259,182,134.0,80.0,Residential,58659,VIA PIAVE  108,38122,TRENTO,461273414,iaps.tn@iaps.tn,www.iaps.it,46.063465,11.126997,TRENTO
STR042101052002S09,AZIENDA PUBBLICA SERVIZI ALLA PERSONA - RSA CAVEDINE,ASSISTENZA AGLI ANZIANI,STRUTTURA NON DIRETTAMENTE GESTITA,95,59,39.0,39.0,Residential,21452,VIA OSPEDALE  24,38073,CAVEDINE,461568510,segreteria@residenzavalledeilaghi.it,www.residenzavalledeilaghi.it,45.9947176,10.972357,CAVEDINE
STR042101052003S09,AZIENDA PUBBLICA SERVIZI ALLA PERSONA - RSA POVO,ASSISTENZA AGLI ANZIANI,STRUTTURA NON DIRETTAMENTE GESTITA,274,185,94.0,92.0,Residential,67257,VIA DELLA RESISTENZA  63   POVO,38123,TRENTO,461810688,info@rsagrazioli.it,www.apspgrazioli.it,46.068501,11.160766,TRENTO
STR042101052004S09,AZIENDA PUBBLICA SERVIZI ALLA PERSONA - RSA MEZZOCORONA,ASSISTENZA AGLI ANZIANI,STRUTTURA NON DIRETTAMENTE GESTITA,98,76,22.0,22.0,Residential,27674,VIA B CRISTANI  38,38016,MEZZOCORONA,461605303,rsa@casacristiani.it,www.upipa.tn.it,46.231153,11.119423,MEZZOCORONA
STR042101052005S09,AZIENDA PUBBLICA SERVIZI ALLA PERSONA - RSA MEZZOLOMBARDO,ASSISTENZA AGLI ANZIANI,STRUTTURA DIRETTAMENTE GESTITA,105,77,28.0,29.0,Residential,28036,VIA DAMIANO CHIESA  6,38017,MEZZOLOMBARDO,461613711,upipa.mezzolombardo@mail.infotn.it,www.sangiovanni.tn.it,46.212968,11.09631,MEZZOLOMBARDO
STR042101052007S09,RSA - SPES VIA VENETO - TRENTO,ASSISTENZA AGLI ANZIANI,STRUTTURA NON DIRETTAMENTE GESTITA,98,72,26.0,26.0,Residential,26183,VIA VENETO  63,38122,TRENTO,461369111,residenzaviaveneto@gruppospes.it,www.gruppospes.it,46.059552,11.125229,TRENTO
STR042101052008S09,RSA - SPES VILLA BELFONTE - TRENTO,ASSISTENZA AGLI ANZIANI,STRUTTURA NON DIRETTAMENTE GESTITA,96,77,19.0,18.0,Residential,28085,VIA VILLA BELFONTE  12,38123,TRENTO,461920294,villabelfonte@gruppospes.it,www.gruppospes.it,46.045064,11.150021,TRENTO
STR042101052009S09,AZIENDA PUBBLICA SERVIZI ALLA PERSONA - RSA LAVIS,ASSISTENZA AGLI ANZIANI,STRUTTURA NON DIRETTAMENTE GESTITA,150,92,61.0,62.0,Residential,33580,VIA ORTI  50,38015,LAVIS,461246308,info@rsalavis.it,www.rsalavis.it,46.136261,11.111185,LAVIS
STR042101052011S09,AZIENDA PUBBLICA SERVIZI ALLA PERSONA - RSA CIVICA ANGELI CUSTODI,ASSISTENZA AGLI ANZIANI,STRUTTURA NON DIRETTAMENTE GESTITA,175,108,89.0,88.0,Residential,39116,VIA DELLA COLLINA  2,38121,TRENTO,461207711,segreteria@civicatnapsp.it,www.civicatnapsp.it,46.069457,11.130534,TRENTO
STR042101052012S09,AZIENDA PUBBLICA SERVIZI ALLA PERSONA - RSA CIVICA GABBIOLO,ASSISTENZA AGLI ANZIANI,STRUTTURA NON DIRETTAMENTE GESTITA,91,56,37.0,37.0,Residential,20254,VIA ZNOJMO  16   GABBIOLO DI POVO,38123,TRENTO,461911517,segreteria@civicatnapsp.it,www.civicatnapsp.it,46.051609,11.149423,TRENTO
STR042101052013S09,AZIENDA PUBBLICA SERVIZI ALLA PERSONA - RSA CIVICA GARDOLO,ASSISTENZA AGLI ANZIANI,STRUTTURA NON DIRETTAMENTE GESTITA,132,70,74.0,75.0,Residential,25257,VIA AEROPORTO  38   GARDOLO,38121,TRENTO,461950080,segreteria@civicatnapsp.it,www.civicatnapsp.it,46.107495,11.100706,TRENTO
STR042101052021S11,CASA SERENA - ANFFAS -CENTRO RESIDENZIALE DISABILI - TRENTO,ASSISTENZA AI DISABILI PSICHICI,STRUTTURA NON DIRETTAMENTE GESTITA,75,47,159.0,160.0,Residential,17155,VIA G B  TRENER  8,38121,TRENTO,461407511,associazione@anffas.tn.it,www.anffas.tn.it,11.114954,46.093598,TRENTO
STR042101055401S09,RSA - SPES CASA FAMIGLIA - TRENTO,ASSISTENZA AGLI ANZIANI,STRUTTURA NON DIRETTAMENTE GESTITA,110,62,54.0,50.0,Residential,22630,VIA DELLA COLTURA 138   LOC  CADINE,38123,TRENTO,461236566,casafamiglia@gruppospes.it,www.gruppospes.it,46.065503,11.120083,TRENTO
STR042101056000S09,RSA VALLE DI CEMBRA,ASSISTENZA AGLI ANZIANI,STRUTTURA NON DIRETTAMENTE GESTITA,113,68,55.0,54.0,Residential,24820,LOC  BEDIN  4,38030,CEMBRA LISIGNAGO,461680055,valledicembra@gruppospes.it,www.gruppospes.it,46.161795,11.198441,CEMBRA LISIGNAGO
STR042101060401S09,AZIENDA PUBBLICA SERVIZI ALLA PERSONA - RSA ANAUNIA,ASSISTENZA AGLI ANZIANI,STRUTTURA NON DIRETTAMENTE GESTITA,81,43,40.0,39.0,Residential,15695,VIA THOMAS A  EDISON  20   LOC  TAIO,38012,PREDAIA,463467617,info@apsptaio.org,www.apsptaio.org,46.324779,11.065975,PREDAIA
STR042101060501S09,AZIENDA PUBBLICA SERVIZI ALLA PERSONA - RSA CLES,ASSISTENZA AGLI ANZIANI,STRUTTURA NON DIRETTAMENTE GESTITA,198,120,76.0,77.0,Residential,43800,VIA CHINI  37,38023,CLES,463601311,info@apspcles.it,www.apspcles.it,46.364397,11.029533,CLES
STR042101060601S09,RSA - STELLA MONTIS - FONDO,ASSISTENZA AGLI ANZIANI,STRUTTURA NON DIRETTAMENTE GESTITA,81,52,31.0,30.0,Residential,18915,VIA S LUCIA  11,38050,FONDO,463832664,stellamontis@consolida.it,www.upipa.tn.it,46.440599,11.135037,FONDO
STR042101060801S05,"APPARTAMENTO PROTETTO ""IL MELO""",ASSISTENZA PSICHIATRICA,STRUTTURA DIRETTAMENTE GESTITA,4,6,4.0,4.0,Residential,190,VIA TRENTO  42,38023,CLES,463421701, ,www.apss.tn.it,46.3558562,11.0386847,CLES
STR042101060901S05,APPARTAMENTO PROTETTO,ASSISTENZA PSICHIATRICA,STRUTTURA DIRETTAMENTE GESTITA,1,5,1.0,1.0,Residential,11,VIA  SAN VITO,38023,CLES,463422901, ,www.apss.tn.it,46.362225,11.0263984,CLES
STR042101061001S11,COMUNITA' RESIDENZIALE TEMPORANEA VALLE APERTA,ASSISTENZA AI DISABILI PSICHICI,STRUTTURA NON DIRETTAMENTE GESTITA,133,8,561.0,562.0,Residential,2072,VIA EUROPA 4   LOC  PONCIACH DI FAVER,38030,ALTAVALLE,461683318,amministrazione@associazionevalleaperta.it,www.associazionevalleaperta.it,46.202738,11.232117,ALTAVALLE
STR042101070301S05,APPARTAMENTO PROTETTO,ASSISTENZA PSICHIATRICA,STRUTTURA DIRETTAMENTE GESTITA,3,7,0.0,0.0,Residential,991,VIA MILANO  4,38027,MALÈ,463901040, ,www.apss.tn.it,46.349042,10.910357,MALÈ
STR042101071201S09,AZIENDA PUBBLICA SERVIZI ALLA PERSONA - RSA MALE',ASSISTENZA AGLI ANZIANI,STRUTTURA NON DIRETTAMENTE GESTITA,104,82,20.0,19.0,Residential,29930,VIALE 4 NOVEMBRE 4/A,38027,MALÈ,463902062,amministrazione@pec.centroservizimale.it,www.centroservizimale.it,46.356643,10.907661,MALÈ
STR042101071301S09,AZIENDA PUBBLICA SERVIZI ALLA PERSONA - RSA PELLIZZANO,ASSISTENZA AGLI ANZIANI,STRUTTURA NON DIRETTAMENTE GESTITA,100,61,42.0,43.0,Residential,22164,VIA DEI BASCHENIS  6,38024,PELLIZZANO,463751266,info@apsp-pellizzano.it,www.apsp-pellizzano.it,46.310982,10.907993,PELLIZZANO
STR042101080103S09,APSS - RSO TIONE,ASSISTENZA AGLI ANZIANI,STRUTTURA DIRETTAMENTE GESTITA,116,22,101.0,100.0,Residential,6743,C/O OSPEDALE,38079,TIONE DI TRENTO,465331231, ,www.apss.tn.it,46.0413,10.7244,TIONE DI TRENTO
STR042101080202S09,AZIENDA PUBBLICA SERVIZI ALLA PERSONA - RSA CONDINO,ASSISTENZA AGLI ANZIANI,STRUTTURA NON DIRETTAMENTE GESTITA,92,65,29.0,30.0,Residential,23655,VIA BATTISTI  6,38083,BORGO CHIESE,465621047,upipa.condino@mail.infotn.it,www.rosadeiventi.tn.it,45.889396,10.598116,BORGO CHIESE
STR042101080203S09,AZIENDA PUBBLICA SERVIZI ALLA PERSONA - RSA SPIAZZO,ASSISTENZA AGLI ANZIANI,STRUTTURA NON DIRETTAMENTE GESTITA,144,111,34.0,36.0,Residential,40377,VIA S VIGILIO  13,38088,SPIAZZO,465803111,segreteria@casariposospiazzo.it,www.casariposospiazzo.it,46.10398,10.736351,SPIAZZO
STR042101080301S09,AZIENDA PUBBLICA SERVIZI ALLA PERSONA - RSA BLEGGIO SUPERIORE,ASSISTENZA AGLI ANZIANI,STRUTTURA NON DIRETTAMENTE GESTITA,174,122,56.0,57.0,Residential,44530,FR S CROCE  41,38071,BLEGGIO SUPERIORE,465779824,segreteria@apspgiudicarieesteriori.it,www.apspgiudicarieesteriori.it,46.038446,10.836639,BLEGGIO SUPERIORE
STR042101081700S09,AZIENDA PUBBLICA SERVIZI ALLA PERSONA - RSA PIEVE DI BONO,ASSISTENZA AGLI ANZIANI,STRUTTURA NON DIRETTAMENTE GESTITA,86,67,21.0,19.0,Residential,24396,FRAZIONE STRADA  1,38085,PIEVE DI BONO-PREZZO,465674030,mail@rsapdb.it,www.apsppievedibono.it,45.946465,10.644529,PIEVE DI BONO-PREZZO
STR042101081705S11,COMUNITA' RESIDENZIALE TEMPORANEA - BERSONE,ASSISTENZA AI DISABILI PSICHICI,STRUTTURA NON DIRETTAMENTE GESTITA,8,6,2.0,4.0,Residential,1564,VIA CHIESA  4 LOC  BERSONE,38080,VALDAONE,3299060064,graziascaglia@libero.it, ,45.944457,10.633156,VALDAONE
STR042101081901S09,AZIENDA PUBBLICA SERVIZI ALLA PERSONA - RSA STORO,ASSISTENZA AGLI ANZIANI,STRUTTURA NON DIRETTAMENTE GESTITA,77,56,20.0,18.0,Residential,20440,VIA SETTE PIEVI  9,38089,STORO,465686018,rsastoro@gmail.com,www.comune.storo.tn.it,45.848487,10.57462,STORO
STR042101082101S09,AZIENDA PUBBLICA SERVIZI ALLA PERSONA - RSA PINZOLO,ASSISTENZA AGLI ANZIANI,STRUTTURA NON DIRETTAMENTE GESTITA,98,61,41.0,41.0,Residential,22265,VIA GENOVA  84,38086,PINZOLO,465503665,segreteria@apsp-pinzolo.it,www.apsp-pinzolo.it,46.159175,10.76201,PINZOLO
STR042101091004S05,COMUNITA' TERAPEUTICA RIABILITATIVA - VILLA ISCHIA,ASSISTENZA PSICHIATRICA,STRUTTURA DIRETTAMENTE GESTITA,15,10,12.0,13.0,Residential,1377,LOCALITA  ISCHIA  36,38066,RIVA DEL GARDA,464557177,info@coopmimosa.com,www.coop.mimosa.com,10.849873,45.898443,RIVA DEL GARDA
STR042101091005S11,COMUNITA' RESIDENZIALE - APP. SEMI PROTETTO - BOLOGNANO,ASSISTENZA AI DISABILI PSICHICI,STRUTTURA NON DIRETTAMENTE GESTITA,2,5,0.0,1.0,Residential,467,VIALE ROVERETO  32   BOLOGNANO,38062,ARCO,464531828,arcobaleno@pop.ftcoop.it,www.arcobalenocoop.org,45.912966,10.897183,ARCO
STR042101092000S09,AZIENDA PUBBLICA SERVIZI ALLA PERSONA - RSA BEZZECCA,ASSISTENZA AGLI ANZIANI,STRUTTURA NON DIRETTAMENTE GESTITA,76,58,18.0,18.0,Residential,21104,VIA G  CIS  45  BEZZECCA,38060,LEDRO,464591042,segreteria@apspgiacomocis.it,www.apspgiacomocis.it,45.917721,10.715561,LEDRO
STR042101092100S09,AZIENDA PUBBLICA SERVIZI ALLA PERSONA - RSA RIVA DEL GARDA,ASSISTENZA AGLI ANZIANI,STRUTTURA NON DIRETTAMENTE GESTITA,154,86,81.0,82.0,Residential,31091,VIA ARDARO  20/A RIVA DEL GARDA,38066,RIVA DEL GARDA,464554280,info@csarivadelgarda.it,www.csarivadelgarda.it,45.892039,10.841589,RIVA DEL GARDA
STR042101092200S09,AZIENDA PUBBLICA SERVIZI ALLA PERSONA - RSA DRO,ASSISTENZA AGLI ANZIANI,STRUTTURA NON DIRETTAMENTE GESTITA,67,45,23.0,22.0,Residential,16349,VIA MOLINO  9,38074,DRO,464504325,info@residenzamolino.it,www.residenzamolino.it,45.962229,10.913738,DRO
STR042101092300S09,AZIENDA PUBBLICA SERVIZI ALLA PERSONA - RSA ARCO,ASSISTENZA AGLI ANZIANI,STRUTTURA NON DIRETTAMENTE GESTITA,173,132,41.0,43.0,Residential,48042,VIA STRAPPAZOCCHE  18,38062,ARCO,464532032,info@fcda.it,www.fcda.it,45.917956,10.879609,ARCO
STR042101092500S09,RSA PICCOLE SUORE S.FAMIGLIA - ARCO,ASSISTENZA AGLI ANZIANI,STRUTTURA NON DIRETTAMENTE GESTITA,79,59,21.0,20.0,Residential,21486,VIA NAS  4,38062,ARCO,464586100,sacrafamigliaarco@pssf.it,www.pssf.it,45.917617,10.876268,ARCO
STR042101100105S05,GRUPPO APPARTAMENTO PROTETTO ROVERETO,ASSISTENZA PSICHIATRICA,STRUTTURA DIRETTAMENTE GESTITA,13,8,10.0,12.0,Residential,1509,VIA BENACENSE  17,38068,ROVERETO,464422944, ,www.apss.tn.it,45.8822992,11.0387709,ROVERETO
STR042101100202S05,COMUNITA' TERAPEUTICA RESIDENZIALE ALA,ASSISTENZA PSICHIATRICA,STRUTTURA DIRETTAMENTE GESTITA,23,12,16.0,16.0,Residential,3331,PIAZZA GIOVANNI XXIII  13,38061,ALA,464675851, ,www.apss.tn.it,45.756172,11.000795,ALA
STR042101100702S09,RSAO SOLATRIX,ASSISTENZA AGLI ANZIANI,STRUTTURA NON DIRETTAMENTE GESTITA,120,20,104.0,105.0,Residential,7123,VIA BELLINI  11,38068,ROVERETO,464491111,info@casadicurasolatrix.it,www.casadicurasolatrix.it,45.898984,11.045548,ROVERETO
STR042101100703S09,RSA SOLATRIX - ST GESTIONI SOC.COOP. SOC.,ASSISTENZA AGLI ANZIANI,STRUTTURA NON DIRETTAMENTE GESTITA,90,60,30.0,30.0,Residential,21799,VIA BELLINI  11,38068,ROVERETO,464025511,info@gruppospes.it,www.gruppospes.it,45.898984,11.045548,ROVERETO
STR042101100900S11,VILLA MARIA - COOP SOC. -CENTRO RESIDENZIALE DISABILI - LENZIMA,ASSISTENZA AI DISABILI PSICHICI,STRUTTURA NON DIRETTAMENTE GESTITA,69,35,103.0,104.0,Residential,12775,PIAZZA S  MARTINO  2   LENZIMA,38060,ISERA,464439060,segreteria@coopvillamaria.it,www.coopvillamaria.it,10.992596,45.87862,ISERA
STR042101100905S11,COMUNITA' RESIDENZIALE TEMPORANEA GIRASOLE - ROVERETO,ASSISTENZA AI DISABILI PSICHICI,STRUTTURA NON DIRETTAMENTE GESTITA,12,9,5.0,7.0,Residential,2642,VIA FLAIM  3,38068,ROVERETO,464437209,com.residenziale@coopgirasole.org,www.coopgirasole.org,45.887377,11.039317,ROVERETO
STR042101103001S09,AZIENDA PUBBLICA SERVIZI ALLA PERSONA - RSA ROVERETO VIA VANNETTI,ASSISTENZA AGLI ANZIANI,STRUTTURA NON DIRETTAMENTE GESTITA,279,199,88.0,86.0,Residential,72294,VIA VANNETTI  6,38068,ROVERETO,464455000,info@apspvannetti.it,www.apspvannetti.it,45.889996,11.036813,ROVERETO
STR042101103002S09,AZIENDA PUBBLICA SERVIZI ALLA PERSONA - RSA ROVERETO VIA FEDRIGOTTI,ASSISTENZA AGLI ANZIANI,STRUTTURA NON DIRETTAMENTE GESTITA,98,72,27.0,26.0,Residential,26182,VIA FEDRIGOTTI  7,38068,ROVERETO,464406401,info@apspvannetti.it,www.apspvannetti.it,45.887021,11.019874,ROVERETO
STR042101103101S09,AZIENDA PUBBLICA SERVIZI ALLA PERSONA - RSA MORI,ASSISTENZA AGLI ANZIANI,STRUTTURA NON DIRETTAMENTE GESTITA,111,83,29.0,29.0,Residential,30230,VIA DEL GARDA  62,38065,MORI,464918152,segreteria@apsp-cesarebenedetti.it,www.apsp-cesarebenedetti.it,45.868975,10.964928,MORI
STR042101103103S12,HOSPICE MORI,ASSISTENZA AI MALATI TERMINALI,STRUTTURA NON DIRETTAMENTE GESTITA,142,12,141.0,141.0,Residential,2758,VIA DEL GARDA  54,38065,MORI,464918152,segreteria@apsp-cesarebenedetti.it,www.apsp-cesarebenedetti.it,45.868975,10.964928,MORI
STR042101103105S11,COMUNITA' RESIDENZIALE TEMPORANEA VILLA ARGIA - MORI,ASSISTENZA AI DISABILI PSICHICI,STRUTTURA NON DIRETTAMENTE GESTITA,14,10,1.0,5.0,Residential,3308,VIA DEL GARDA  101,38065,MORI,464917116,info@villaargia@libero.it, ,45.853533,10.963059,MORI
STR042101103201S09,AZIENDA PUBBLICA SERVIZI ALLA PERSONA - RSA FOLGARIA,ASSISTENZA AGLI ANZIANI,STRUTTURA NON DIRETTAMENTE GESTITA,89,60,30.0,30.0,Residential,21809,VIA PAPA GIOVANNI XXIII  1,38064,FOLGARIA,464721174,amministrazione@casalaner.it,www.casalaner.it,45.919513,11.167603,FOLGARIA
STR042101103301S09,AZIENDA PUBBLICA SERVIZI ALLA PERSONA - RSA BRENTONICO,ASSISTENZA AGLI ANZIANI,STRUTTURA NON DIRETTAMENTE GESTITA,98,71,24.0,24.0,Residential,25915,VIA BALISTA  7 BRENTONICO,38060,BRENTONICO,464395332,info@apspbrentonico.it,www.apspbrentonico.it,45.817434,10.95871,BRENTONICO
STR042101103401S09,AZIENDA PUBBLICA SERVIZI ALLA PERSONA - RSA AVIO,ASSISTENZA AGLI ANZIANI,STRUTTURA NON DIRETTAMENTE GESTITA,79,64,14.0,15.0,Residential,23360,VIA CAMPAGNOLA  5,38063,AVIO,464688011,amministrazione@apspavio.it,www.apspavio.it,45.733699,10.937465,AVIO
STR042101103501S09,AZIENDA PUBBLICA SERVIZI ALLA PERSONA - RSA NOMI,ASSISTENZA AGLI ANZIANI,STRUTTURA NON DIRETTAMENTE GESTITA,240,168,75.0,75.0,Residential,61320,VIA ROMA  21,38060,NOMI,464839325,info@operaromani.it,www.operaromani.it,45.9295,11.0729,NOMI
STR042101103601S09,RSA PICCOLE SUORE S.FAMIGLIA - ROVERETO,ASSISTENZA AGLI ANZIANI,STRUTTURA NON DIRETTAMENTE GESTITA,129,98,32.0,32.0,Residential,35663,VIA SAIBANTI 6/B,38068,ROVERETO,464430021,casasacrafamiglia.rovereto@pssf.it,www.pssf.it,45.939691,11.049042,ROVERETO
STR042101103701S09,AZIENDA PUBBLICA SERVIZI ALLA PERSONA - RSA VALLARSA,ASSISTENZA AGLI ANZIANI,STRUTTURA NON DIRETTAMENTE GESTITA,44,35,9.0,9.0,Residential,12753,FRAZIONE CORTE  1,38060,VALLARSA,464869145,csa.vallarsa@tin.it,www.apspvallarsa.it,45.782714,11.11413,VALLARSA
STR042101110102S09,AZIENDA PUBBLICA SERVIZI ALLA PERSONA - RSA VIGO DI FASSA,ASSISTENZA AGLI ANZIANI,STRUTTURA NON DIRETTAMENTE GESTITA,85,48,40.0,38.0,Residential,17520,STRADA DI PRÈ DE LEJIA  12,38039,VIGO DI FASSA,462760240,info@apspfassa.it,www.apspfassa.it,46.422655,11.678591,VIGO DI FASSA
STR042101030403S05,CENTRO DIURNO PSICHIATRICO BORGO/TONADICO,ASSISTENZA PSICHIATRICA,STRUTTURA DIRETTAMENTE GESTITA,30,12,,,Semi-Residential,500,VIALE VICENZA  9,38051,BORGO VALSUGANA,461755208,psichiatriapergine@apss.tn.it,www.apss.tn.it,46.0568,11.4646,BORGO VALSUGANA
STR042101030405S09,CENTRO DIURNO PER ANZIANI - SCURELLE,ASSISTENZA AGLI ANZIANI,STRUTTURA NON DIRETTAMENTE GESTITA,28,14,,,Semi-Residential,2767,VIA XV AGOSTO  48,38050,SCURELLE,461754123,info@apspborgo.it, ,46.0639666,11.5127521,SCURELLE
STR042101032002S09,CENTRO DIURNO PER ANZIANI - CASTELLO TESINO,ASSISTENZA AGLI ANZIANI,STRUTTURA NON DIRETTAMENTE GESTITA,2,4,,,Semi-Residential,42,VIA F LLI BALLERIN  1,38051,CASTELLO TESINO,461594166,upipa.castellotesino@mail.infotn.it, ,46.061351,11.632966,CASTELLO TESINO
STR042101040105S05,CENTRO DIURNO PSICHIATRICO PERGINE,ASSISTENZA PSICHIATRICA,STRUTTURA DIRETTAMENTE GESTITA,60,15,,,Semi-Residential,1200,VIA SAN PIETRO 14,38057,PERGINE VALSUGANA,461515466,psichiatriapergine@apss.tn.it,www.apss.tn.it,46.0607017,11.2351627,PERGINE VALSUGANA
STR042101041204S09,CENTRO DIURNO PER ANZIANI - PERGINE,ASSISTENZA AGLI ANZIANI,STRUTTURA NON DIRETTAMENTE GESTITA,26,12,,,Semi-Residential,2548,VIA MARCONI  4,38057,PERGINE VALSUGANA,461531002,amministrazione@apsp-pergine.it, ,46.064968,11.2429,PERGINE VALSUGANA
STR042101041205S09,CENTRO DIURNO PRESA IN CARICO DEMENZE APSP,ASSISTENZA AGLI ANZIANI,STRUTTURA NON DIRETTAMENTE GESTITA,5,2,,,Semi-Residential,390,VIA MARCONI  4,38057,PERGINE VALSUGANA,461531002,amministrazione@apsp-pergine.it,www.apsp-pergine.it,11.2429,46.064968,PERGINE VALSUGANA
STR042101041304S09,CENTRO DIURNO PER ANZIANI - LEVICO TERME,ASSISTENZA AGLI ANZIANI,STRUTTURA NON DIRETTAMENTE GESTITA,26,14,,,Semi-Residential,3319,VIA CASOTTE  2,38056,LEVICO TERME,461706464,segreteria@apsplevicoterme.it, ,46.009267,11.302676,LEVICO TERME
STR042101050403S05,CENTRO DIURNO PSICHIATRICO MEZZOCORONA,ASSISTENZA PSICHIATRICA,STRUTTURA DIRETTAMENTE GESTITA,25,14,,,Semi-Residential,352,VIA CANE   13,38016,MEZZOCORONA,461604396,angelo.mercurio@tn.apss.tn.it,www.apss.tn.it,46.215351,11.121026,MEZZOCORONA
STR042101050803S05,CENTRO DIURNO PSICHIATRICO TRENTO,ASSISTENZA PSICHIATRICA,STRUTTURA DIRETTAMENTE GESTITA,86,20,,,Semi-Residential,5401,VIA PETRARCA  1,38122,TRENTO,461902850,francesca.munerati@apss.tn.it,www.apss.tn.it,46.07241,11.12383,TRENTO
STR042101052014S09,CENTRO DIURNO PER ANZIANI - GARDOLO - TN,ASSISTENZA AGLI ANZIANI,STRUTTURA NON DIRETTAMENTE GESTITA,58,25,,,Semi-Residential,5261,VIA S ANNA  5,38121,TRENTO,461816047,kaleidoscopio@consolida.it, ,46.109338,11.110928,TRENTO
STR042101052016S09,CENTRO DIURNO PER ANZIANI - CLARINA - TN,ASSISTENZA AGLI ANZIANI,STRUTTURA NON DIRETTAMENTE GESTITA,41,20,,,Semi-Residential,4983,VIA GRAMSCI  36,38123,TRENTO,461825296,delfino@consolida.it,http://www.delfino.coop,46.053467,11.12469,TRENTO
STR042101052017S09,CENTRO DIURNO PER ANZIANI - RAVINA - TN,ASSISTENZA AGLI ANZIANI,STRUTTURA NON DIRETTAMENTE GESTITA,33,15,,,Semi-Residential,3251,VIA BELVEDERE  4,38123,TRENTO,461825296,info@faicoop.com,www.faicoop.com,46.038443,11.107456,TRENTO
STR042101052018S09,CENTRO DIURNO PER ANZIANI - MATTARELLO - TN,ASSISTENZA AGLI ANZIANI,STRUTTURA NON DIRETTAMENTE GESTITA,30,14,,,Semi-Residential,2730,VIA DON TRENTINI  6,38123,TRENTO,461239596,info@cooperativasad.it,www.cooperativasad.it,46.005099,11.12842,TRENTO
STR042101052019S09,CENTRO DIURNO PER ANZIANI - POVO - TN,ASSISTENZA AGLI ANZIANI,STRUTTURA NON DIRETTAMENTE GESTITA,54,25,,,Semi-Residential,5613,VIA DELLA RESISTENZA  61/F,38123,TRENTO,461818102,info@apspgrazioli.it,http://www.apspgrazioli.it/,46.069256,11.161066,TRENTO
STR042101052020S09,CENTRO DIURNO ALZHEIMER - TRENTO,ASSISTENZA AGLI ANZIANI,STRUTTURA NON DIRETTAMENTE GESTITA,49,23,,,Semi-Residential,6054,VIA S GIOVANNI BOSCO  10,38122,TRENTO,461385000,segreteria@civicatnapsp.it,http://www.civicatnapsp.it/,46.064656,11.126563,TRENTO
STR042101060204S05,CENTRO DIURNO PSICHIATRICO CLES,ASSISTENZA PSICHIATRICA,STRUTTURA DIRETTAMENTE GESTITA,4,18,,,Semi-Residential,59,VIALE DEGASPERI  31,38023,CLES,463660272,luisa.ossana@apss.tn.it,www.apss.tn.it,46.3608,11.0323,CLES
STR042101060505S09,CENTRO DIURNO PER ANZIANI - CLES,ASSISTENZA AGLI ANZIANI,STRUTTURA NON DIRETTAMENTE GESTITA,20,6,,,Semi-Residential,1451,VIA CHINI  37,38023,CLES,463601311,info@apspcles.it, ,46.364397,11.029533,CLES
STR042101071202S09,CENTRO DIURNO ANZIANI - MALE',ASSISTENZA AGLI ANZIANI,STRUTTURA NON DIRETTAMENTE GESTITA,8,4,,,Semi-Residential,990,VIALE 4 NOVEMBRE  4/A,38027,MALÈ,463902062,amministrazione@pec.centroservizimale.it,www.centroservizimale.it,46.351181,10.91003,MALÈ
STR042101080106S05,CENTRO DIURNO PSICHIATRICO TIONE,ASSISTENZA PSICHIATRICA,STRUTTURA DIRETTAMENTE GESTITA,20,12,,,Semi-Residential,469,VIA OSPEDALE  10,38080,TIONE DI TRENTO,465339720, , ,46.0413,10.7244,TIONE DI TRENTO
STR042101080107S09,CENTRO DIURNO PER ANZIANI - TIONE,ASSISTENZA AGLI ANZIANI,STRUTTURA NON DIRETTAMENTE GESTITA,23,12,,,Semi-Residential,2574,VIA MONS  PERLI  11,38079,TIONE DI TRENTO,465322635,organizzazione@coopassistenza.net, ,46.034903,10.72641,TIONE DI TRENTO
STR042101080207S09,CENTRO DIURNO PER ANZIANI - CONDINO,ASSISTENZA AGLI ANZIANI,STRUTTURA NON DIRETTAMENTE GESTITA,36,14,,,Semi-Residential,2883,VIA C  BATTISTI  6,38083,BORGO CHIESE,465621047,upipa.condino@mail.infotn.it, ,45.889396,10.598116,BORGO CHIESE
STR042101080402S09,CENTRO DIURNO PER ANZIANI - VILLA RENDENA,ASSISTENZA AGLI ANZIANI,STRUTTURA NON DIRETTAMENTE GESTITA,24,12,,,Semi-Residential,2265,C/O CASA APERTA PER ANZIANI,38080,PORTE DI RENDENA,465339526,serviziosocioassistenziale@comunitadellegiudicarie, ,10.713303,46.05525,PORTE DI RENDENA
STR042101092001S09,CENTRO DIURNO PER ANZIANI - BEZZECCA,ASSISTENZA AGLI ANZIANI,STRUTTURA NON DIRETTAMENTE GESTITA,16,5,,,Semi-Residential,991,VIA G CIS   LOC  BEZZECCA  47,38067,LEDRO,464591042, , ,45.893867,10.722764,LEDRO
STR042101092101S09,CENTRO DIURNO PER ANZIANI - RIVA,ASSISTENZA AGLI ANZIANI,STRUTTURA NON DIRETTAMENTE GESTITA,24,14,,,Semi-Residential,3194,VIA ARDARO  20/A,38066,RIVA DEL GARDA,464554280,info@csarivadelgarda.it, ,45.892039,10.841589,RIVA DEL GARDA
STR042101092301S09,CENTRO DIURNO PER ANZIANI - ARCO,ASSISTENZA AGLI ANZIANI,STRUTTURA NON DIRETTAMENTE GESTITA,23,7,,,Semi-Residential,1557,VIA STRAPPAZOCCHE  18,38062,ARCO,464532032,info@feda.it, ,45.917956,10.879609,ARCO
STR042101100108S09,CENTRO DIURNO PER ANZIANI - LA CASA - ROVERETO,ASSISTENZA AGLI ANZIANI,STRUTTURA NON DIRETTAMENTE GESTITA,22,17,,,Semi-Residential,3306,VIA S MARIA  95,38068,ROVERETO,3466120400,federica.dallaporta@cooplacasa.it, ,45.884757,11.04349,ROVERETO
STR042101100205S09,CENTRO DIURNO PER ANZIANI - ALA,ASSISTENZA AGLI ANZIANI,STRUTTURA NON DIRETTAMENTE GESTITA,24,15,,,Semi-Residential,2784,PIAZZA GIOVANNI XXIII  2 4,38061,ALA,464484252,servizio.sociale@comunitàdellavallagarina.tn.it, ,45.7568166,11.0013118,ALA
STR042101103003S09,CENTRO DIURNO PER ANZIANI - VANNETTI - ROVERETO,ASSISTENZA AGLI ANZIANI,STRUTTURA NON DIRETTAMENTE GESTITA,27,16,,,Semi-Residential,2835,VIA VANNETTI  2,38068,ROVERETO,464455006,massimiliano.colombo@apspvannetti.it, ,45.889826,11.037437,ROVERETO
STR042101103102S09,CENTRO DIURNO PER ANZIANI - MORI,ASSISTENZA AGLI ANZIANI,STRUTTURA NON DIRETTAMENTE GESTITA,19,12,,,Semi-Residential,2568,VIA DEL GARDA  54,38065,MORI,464918152,direttore@apsp-cesarebenedetti.it, ,45.868975,10.964928,MORI
STR042101103203S09,CENTRO DIURNO PER ANZIANI - FOLGARIA,ASSISTENZA AGLI ANZIANI,STRUTTURA NON DIRETTAMENTE GESTITA,7,4,,,Semi-Residential,633,VIA PAPA GIOVANNI XXIII  1,38064,FOLGARIA,464721174,amministrazione@casalaner.it, ,45.914805,11.1648721,FOLGARIA
STR042101103303S09,CENTRO DIURNO PER ANZIANI - BRENTONICO,ASSISTENZA AGLI ANZIANI,STRUTTURA NON DIRETTAMENTE GESTITA,12,6,,,Semi-Residential,1312,VIA BALISTA  7,38060,BRENTONICO,464395332,direttore@apspbrentonico.it, ,45.817434,10.95871,BRENTONICO
STR042101103402S09,CENTRO DIURNO PER ANZIANI - AVIO,ASSISTENZA AGLI ANZIANI,STRUTTURA NON DIRETTAMENTE GESTITA,4,4,,,Semi-Residential,488,VIA CAMPAGNOLA  5,38063,AVIO,464688023,direttore@apspavio.it, ,45.733699,10.937465,AVIO
STR042101103502S09,CENTRO DIURNO PER ANZIANI - NOMI,ASSISTENZA AGLI ANZIANI,STRUTTURA NON DIRETTAMENTE GESTITA,17,12,,,Semi-Residential,2363,VIA ROMA  21,38060,NOMI,464839422,info@operaromani.it, ,45.9295,11.0729,NOMI
STR042101103602S09,CENTRO DIURNO ALZHEIMER - ROVERETO,ASSISTENZA AGLI ANZIANI,STRUTTURA NON DIRETTAMENTE GESTITA,21,15,,,Semi-Residential,2949,VIA SAIBANTI  6/B,38068,ROVERETO,464430021,casasacrafamiglia.rovereto@pssf, ,45.939691,11.049042,ROVERETO
