STRUCTURE_CODE,NAME,ADDRESS,CAP,LATITUDE,LONGITUDE,PHONE,WEBSITE,EMAIL,SERVICE_NAME,DISPENSARY_TYPE,IVA
FAR042101004054,SILVESTRI LUCIANA,"VIA J. A. MAFFEI, 8",38028,46.4123540693265,11.0520541954953,,,,,Pharmacy,673580221
FAR042101004162,FARMACIA GMG S.A.S. DEI DOTTORI RAVAGNANI CHIARA E AGAZZANI MATTEO,"VIA DELLA ROGGIA, 9",38061,45.7590051426327,11.0026564100186,,,,,Pharmacy,2400290223
FAR042101004163,FRANZELLIN VITTORIO E C. SNC,"VIA SEGANTINI, 1",38061,45.7479086521251,11.0414606774668,,,,,Pharmacy,2209460225
FAR042101004164,BETTINAZZI - R. & T. PHARMA SNC,"VIA GALAS, 49",38062,45.9304227931688,10.9070021739945,,,,,Pharmacy,2018300224
FAR042101004165,FAMIGLIA COOPERATIVA VALLAGARINA,"PIAZZA ROMA, 6",38063,45.7321595956525,10.9198632803229,,,,,Pharmacy,106510225
FAR042101004166,BAILO MICHELE,"PIAZZA DANTE ALIGHIERI, 1",38051,46.0153100445136,11.4345899281404,,,,,Pharmacy,2271060226
FAR042101004167,RIGONI S.R.L.,"VIA VALENTINI, 19",38060,45.9345629,11.0942589,,,,,Pharmacy,3060830217
FAR042101004168,FRANZELLIN GIANCARLO,"VIA FRATELLI BRONZETTI, 28",38033,46.2908054279005,11.4621468378048,,,,,Pharmacy,227460227
FAR042101004169,ALL'ANGELO SNC,"VIA GUGLIELMO MARCONI, 8",38010,46.2719475733844,11.052403821412,,,,,Pharmacy,1867580225
FAR042101004170,GIRARDI DI DOTT. C. TADDEI & C. SNC,"VIA E. COLPI, 181",38064,45.9090169713352,11.1996587694094,,,,,Pharmacy,1981650227
FAR042101004171,ROMANI DI ERRIGO A. E C. SNC,"VIA SEGANTINI, 1",38015,46.1512831931641,11.1042541241409,,,,,Pharmacy,2046850224
FAR042101004172,FARMACIA ROMANESE S.A.S. DEL DOTT. GIANCARLO TOGNOLI & C.,"VIA REGIA, 16",38056,46.0113979272623,11.3005470633363,,,,,Pharmacy,2459690224
FAR042101004173,FARMACIA RIGONI DEL DOTT. RIGONI LUCA S.A.S.,"STRADA CERILO DELLANTONIO BORA, 2",38035,46.3645137061942,11.7061404227998,,,,,Pharmacy,2141050225
FAR042101004174,CRESCINI - DR.SSA TOGNANA,"PIAZZA SERRA, 8",38057,46.0616404,11.2398474,,,,,Pharmacy,51370229
FAR042101004175,SCAGLIA S.A.S. DI SCAGLIA ANNA & C.,"PIAZZA S. GIACOMO, 1",38086,46.2220374200605,10.7963137713744,,,,,Pharmacy,983840224
FAR042101004177,Farmacia Vinotti Snc,"VIA ROMA, 38",38012,46.3169743035502,11.069269766697,,,,,Pharmacy,2491630220
FAR042101004178,DALL'ARMI SNC PATTINI DR. ALBERTO E DR.SSA ALESSANDRA,"PIAZZA DUOMO, 10",38122,46.0676193498462,11.1215188143335,,,,,Pharmacy,337140222
FAR042101004179,GALLO SNC,"VIA MANTOVA, 51",38122,45.9155143299823,10.8849798811351,,,,,Pharmacy,1855780225
FAR042101004180,SPEZIALE SRL,"PIAZZA PASI, 20",38122,46.0622059167663,11.1117645926563,,,,,Pharmacy,2526490228
FAR042101004181,GIUPPONI,"VIA CATONI, 69",38123,45.9933102,10.9749001,,,,,Pharmacy,1951620226
FAR042101004182,BALDRACHI LUKAS,"VIA E. LEONARDI, 29",38019,46.2651735914533,10.9487329392243,,,,,Pharmacy,1384990220
FAR042101004183,MAGAFARMA S.R.L.,"VIA ALCIDE DE GASPERI, 1",38075,45.9861874205662,10.8216630422551,,,,,Pharmacy,2345010223
FAR042101004184,FARMACIA BRANCALEONI SNC,"VIA TRENTO, 11/B",38097,46.1596468747837,11.0589755169334,,,,,Pharmacy,2626370221
FAR042101004185,Teso Francesco,"VIA PARADISO, 2",38050,46.1396954319267,11.4642967434695,,,,,Pharmacy,1947280226
FAR042101004186,BOLGHERA SNC,"LARGO MEDAGLIE D'ORO, 8",38122,46.0577971934673,11.1327523327511,,,,,Pharmacy,166280222
FAR042101004187,NARDELLI DR. GABRIELE,"STRADA GARDESANA OCC., 9/B",38074,45.9913596636596,10.9247729886099,,,,,Pharmacy,1889730220
FAR042101004188,VINANTE DR. GIORGIO & C. SNC,"STRADA DE MEIDA, 47",38036,46.4285808397104,11.7261761244066,,,,,Pharmacy,2046780223
FAR042101004189,Farmacia Trintinaglia,"VIA VITTORIO EMANUELE, 91",38055,46.016929,11.635857,,,,,Pharmacy,921280244
FAR042101004190,COMUNALE 1,"VIA PAOLI, 19",38068,45.8937085302942,11.0402015076214,,,,,Pharmacy,1648950226
FAR042101004191,VILLAZZANO DI BOLEGO PAOLO,"VIA TAMBOSI, 2",38123,46.0497829,11.1439821,,,,,Pharmacy,1856020225
FAR042101004192,CREMONESI,"VIA ROMA, 17A",38041,46.1449671070267,11.2000600793698,,,,,Pharmacy,828140228
FAR042101004193,FARMACIA PIZZO DR. PAOLO SRL,"VIA BELLINI, 17",38057,46.0616404,11.2398474,,,,,Pharmacy,2492000225
FAR042101004194,RIGON LUCIANA,-,38060,45.7836839764063,11.1199162694893,,,,,Pharmacy,814060224
FAR042101004195,FARMACIA PAVANI,"VIALE DELLA VITTORIA, 42/L",38068,45.8874533935421,11.0317654771857,,,,,Pharmacy,4527040234
FAR042101004196,MONTELISCIANI M. LORETTA,"VIA BRIGATA ABRUZZI, 10/A",38050,46.0686047625162,11.6097662126501,,,,,Pharmacy,401660220
FAR042101004197,FARMACIA D'ANDREA DOTT.SSA VALENTINA,"VIA TRENTO, 5/A",38010,46.204401180197,11.0092429435392,,,,,Pharmacy,1808160707
FAR042101004198,DI SEGONZANO DI DR. PIERANGELO VILLACI,"FRAZ. SCANCIO, 26",38047,46.1927490800325,11.2831916275084,,,,,Pharmacy,2787520168
FAR042101004199,CESCHI LUCA,"VIA G. MARCONI, 86",38020,46.4223636612322,11.0070611985411,,,,,Pharmacy,1718290222
FAR042101004200,Val di Rabbi,"VIA SAN BERNARDO, 127",38020,46.39920559999999,10.8486303,,,,,Pharmacy,1581140223
FAR042101004201,SAN MICHELE DOTT. DAVIDE TONON,"VIA BRENNERO, 20",38010,46.1890727967541,11.1258198550935,,,,,Pharmacy,2331550224
FAR042101004202,SERENA DI MONTAGNIN ELENA,"VIA DI MEZZO, 3",38080,45.8080332177553,10.5404626934837,,,,,Pharmacy,1743260224
FAR042101004203,VALLE DEI MOCHENI SNC,"LOC. PINTAREI, 75/E",38050,46.1087705,11.3031744,,,,,Pharmacy,1887120226
FAR042101004204,Farmacia Giorgio Barbacovi,"PIAZZA C. BATTISTI, 4",38060,45.9720953094206,11.0935322633462,,,,,Pharmacy,2494950229
FAR042101004205,R. & T. PHARMA,"VIA NAS, 8",38062,45.9172551306022,10.8784250233605,,,,,Pharmacy,2018300224
FAR042101004206,Morelli Snc Del Dott. Giuseppe Morelli & C.,"VIA CESARE BATTISTI, 91",38042,46.1321200575374,11.2468391450306,,,,,Pharmacy,1813150222
FAR042101004207,CENTRALE SAS - BALLISTA,"CORSO AUSUGUM, 40",38051,46.0554152254333,11.4606663226576,,,,,Pharmacy,1783350224
FAR042101004208,OTTAVIANI FRANCO,"VIA GIUSEPPE GARIBALDI, 9",38060,45.8020613409721,10.9390077325141,,,,,Pharmacy,1273520229
FAR042101004209,FARMACIA MAISTRI ELVIO E GIRARDI CLAUDIO & C. S.A.S.,"VIA TROZO DEI CAVAI, 8",38052,45.9839520661247,11.2725313859021,,,,,Pharmacy,1594610220
FAR042101004210,RIGONI CRISTIANO,"VIA DANTE ALIGHIERI, 12/A",38053,46.1219023022185,11.6469032548419,,,,,Pharmacy,1611170224
FAR042101004211,SARTORI & C. SNC,"VIA DE CAMPI, 3",38011,46.40791919999999,11.1365971,,,,,Pharmacy,2336310228
FAR042101004212,Farmacia Paolo Folgaresi & C. S.n.c.,"VIA DON NEGRI, 22",38073,45.9868409301662,10.989954412224,,,,,Pharmacy,2483640229
FAR042101004213,MARTINI GIORGIO,"VIA IV NOVEMBRE, 44",38034,46.17475280000001,11.2209905,,,,,Pharmacy,1506850229
FAR042101004214,BETTI PAOLO,"PIAZZA SANTA MARIA, 4",38045,46.0899632,11.1823868,,,,,Pharmacy,1009580224
FAR042101004215,Diemme Farma S.a.s.,"VIA DEGASPERI, 30",38023,46.3477336976718,10.9893656443914,,,,,Pharmacy,1764440226
FAR042101004216,Farmacia Dott.ssa Barbara Zontini & C. S.n.c.,"VIA ROMA, 43",38083,45.8817539883688,10.5939868704181,,,,,Pharmacy,2483700221
FAR042101004217,CESCHINELLI DINO,"VIA ROMA, 9",38085,45.9415635716799,10.6651430913003,,,,,Pharmacy,602060220
FAR042101004219,DIEMME FARMA SAS DI CARLO DE MAFFEI & C.,"VIA CESARE BATTISTI, 20",38013,46.4171162798013,11.1402654172457,,,,,Pharmacy,1764440226
FAR042101004220,FANZAGO D.RI ROBERTO E DIEGO SNC,"VIA GIONGHI, 99",38046,45.9420649936859,11.2867907271599,,,,,Pharmacy,1538290220
FAR042101004221,DE PREZ,"VIA DANTE, 31",38056,45.9975203025033,11.3305984683628,,,,,Pharmacy,1982780221
FAR042101004222,COMANO TERME SNC DI BETTA PAOLA,"VIA BATTISTI, 49",38070,46.024138,10.8659923,,,,,Pharmacy,1239230228
FAR042101004223,TOMASI NICOLETTA,"PIAZZA DANTE, 1",38027,46.3516068,10.9128757,,,,,Pharmacy,630640225
FAR042101004224,ZANINI PAOLO & C. SNC,"PIAZZA SAN GOTTARDO, 13",38016,46.21510650296,11.1192545228305,,,,,Pharmacy,1422590222
FAR042101004225,CAMPAGNOLA GIUSEPPE & C. SNC,"VIA ALCIDE DE GASPERI, 19",38017,46.2073466498511,11.091409194271,,,,,Pharmacy,1813570221
FAR042101004226,MONTALBANO SNC DI DR. KOSTNER FRANCESCO E CANDIOLI ROBERTO,"VIA MALFATTI, 6",38065,45.8566608968003,10.9517733419702,,,,,Pharmacy,2207580222
FAR042101004227,GALLINA FRANCA,"VIA NAZIONALE, 49",38020,46.3111888266907,10.7236486991021,,,,,Pharmacy,1376430227
FAR042101004228,FARMACIA BOTTURA,"VIA CESARE BATTISTI, 26",38057,46.0616404,11.2398474,,,,,Pharmacy,2577410224
FAR042101004229,A. FOLETTO DI FOLETTO A. & C.  SNC,"VIA CASSONI, 3",38060,45.8896543,10.7313102,,,,,Pharmacy,1406250223
FAR042101004230,BERNARDIN ANDREA,"VIA AI MOLINI, 1",38030,46.1558787,11.1524547,,,,,Pharmacy,2443000225
FAR042101004231,PASI SNC  DI PASI LUISA & C.,"VIA ROMA, 1/C",38037,46.3116641911769,11.602528688639,,,,,Pharmacy,2186990228
FAR042101004232,TOMASI MONICA,"VIA BRESCIA, 82",38020,46.3320314741192,10.8808911911955,,,,,Pharmacy,1448870228
FAR042101004234,ACCORSI MASSIMO & C.  SNC,"VIA MAFFEI,8",38066,45.88517299999999,10.8409729,,,,,Pharmacy,1336320229
FAR042101004235,MUTALIPASSI LUCA & C. SNC,"VIALE LUTTI, 12",38066,45.8895860775008,10.8224217268873,,,,,Pharmacy,1349200228
FAR042101004236,S. LUCIA DI GENEM DR. KAMAL,"VIA DON GUETTI, 1",38050,46.0510607,11.4093559,,,,,Pharmacy,1553850221
FAR042101004237,SANTONI DR. GIORGIO & C. SNC,"PIAZZA F. FILZI, 21",38068,45.8915375,11.0384953,,,,,Pharmacy,2049700228
FAR042101004238,FARMACIA COBELLI S.R.L.,"VIA GIUSEPPE MAZZINI, 10",38068,45.89010725,11.04341225,,,,,Pharmacy,2218940225
FAR042101004239,SOAVE DI SOAVE ALBERTO SNC,"PIAZZA ERBE, 17",38068,45.8915375,11.0384953,,,,,Pharmacy,36930220
FAR042101004240,BARBACOVI DI BOLEGO MARGHERITA & C. SNC,"VIA BENACENSE, 9/B",38068,45.88411165,11.04166115,,,,,Pharmacy,1735440222
FAR042101004241,Farmacia Thaler,"VIA DANTE, 1/BIS",38068,45.88942,11.04034,,,,,Pharmacy,4527040234
FAR042101004242,CATTANI PAOLO,"VIA S. VIGILIO, 83",38088,46.1014148698208,10.7373486216062,,,,,Pharmacy,1338480229
FAR042101004243,Farmacia Di Stenico E San Lorenzo Snc,"PIAZZA DANTE ALIGHIERI, 13",38070,46.0981455715646,10.8413250782721,,,,,Pharmacy,2164930220
FAR042101004245,FUSI ALESSANDRO,"VIA G. GARIBALDI, 125",38089,45.8487404217364,10.5594192760137,,,,,Pharmacy,1845590221
FAR042101004246,BORSATO LUIGI,"VIA ROMA, 29",38059,46.066631,11.523447,,,,,Pharmacy,1298160225
FAR042101004247,DONATI BRUNO,"VIA ROMA, 21",38038,46.2891041386364,11.4636325431318,,,,,Pharmacy,1621950227
FAR042101004248,BONI GUIDO E GIULIO SNC,"VIALE DANTE, 42",38079,46.03341,10.7245,,,,,Pharmacy,1403760224
FAR042101004249,S. BARTOLAMEO DOTT. C. BERTOLINI & C. SNC,"VIALE VERONA, 92",38123,46.0427575586414,11.1314631169961,,,,,Pharmacy,672310224
FAR042101004250,FARMACIA GRANDI SAS DI HIPPO FARMA SRL,"VIA ALESSANDRO MANZONI, 7/A",38122,46.0748132409383,11.1251346567747,,,,,Pharmacy,2484220229
FAR042101004251,ALLA MADONNA DR. GIANMARCO CASAGRANDE & C. SNC,"VIA G. MANCI, 42",38122,46.0622059167663,11.1117645926563,,,,,Pharmacy,1735670224
FAR042101004252,AI SOLTERI-GADOTTI ANDREA &C.SNC,"VIA R. LUNELLI, 9",38121,46.09211699999999,11.11746,,,,,Pharmacy,171990229
FAR042101004253,SANTA CHIARA SNC DEI DOTT. ALESSIA ED EDOARDO ABBONDI,"VIA SANTA CROCE, 57",38122,46.0125447976514,11.2950495625519,,,,,Pharmacy,1610260224
FAR042101004255,BOSSINI SANDRA,"VIA PONTE LAMBIN, 27/A",38010,46.1627028634106,10.9950609598302,,,,,Pharmacy,1796320222
FAR042101004256,TURAZZA LUIGI,"VIA ROMA, 1",38070,46.0779043256191,10.9991219054545,,,,,Pharmacy,1794470227
FAR042101004257,DE PROBIZER PAOLO & C. SNC,"VIA XXV APRILE, 46",38060,45.9191875,11.0600981,,,,,Pharmacy,2368290223
FAR042101004258,LADINA DI DOTT. GIOVANNI ROMANO & C. SNC,"VIA STREDA DOLOMITI, 77",38032,46.47774,11.76887,,,,,Pharmacy,2312850221
FAR042101004259,CHINAGLIA MONICA,"VIA MATTEOTTI, 62",38069,45.8725644012506,10.8745116195109,,,,,Pharmacy,1370730226
FAR042101004260,FONTANA MARCELLA E C. SNC,"VIA MARCO POLA, 2",38121,46.1077103208361,11.1128169933321,,,,,Pharmacy,1458230222
FAR042101004261,SAN LORENZO,"PIAZZA G. CANTORE, 1",38121,46.0696924,11.1210886,,,,,Pharmacy,1709540221
FAR042101004262,Farmacia Zonta Adriana & C. S.n.c.,"VIA ROMA, 72/A",38050,46.1545569,11.805873,,,,,Pharmacy,2484890229
FAR042101004263,BOURLOT CARLA,"VIA ROGE, 9",38024,46.3710056000803,10.652750673773,,,,,Pharmacy,1638350221
FAR042101004264,FARMACIA RAVINA SRL,"VIA HERRSCHING, 1",38123,46.0622059167663,11.1117645926563,,,,,Pharmacy,2585470228
FAR042101004265,DIEMME FARMA SAS DI CARLO DE MAFFEI & C.,"PIAZZA SANTA CROCE, 1",38010,46.349715476156,11.1328072982685,,,,,Pharmacy,1764440226
FAR042101004266,MANFREDI CRISTINA,"VIA DELLA FRICCA, 12",38049,46.004407,11.195213,,,,,Pharmacy,1571630225
FAR042101004267,ZANELLA CLAUDIA DOMIZIANA,"VIA ROMA, 34",38050,46.1991541767805,11.7002338696905,,,,,Pharmacy,2624150229
FAR042101004270,FERRI,"VIA FORMIGHETA, 1",38121,46.0696924,11.1210886,,,,,Pharmacy,661510222
FAR042101004271,TRENTINI ANGELO,"VIA PASSO ROLLE, 161",38054,46.2492896751533,11.789688409407,,,,,Pharmacy,1232670222
FAR042101004272,DE GERLONI DR. PIER FRANCESCO,"LOCALITÀ SOPRAMONTE, 16",38123,46.0622059167663,11.1117645926563,,,,,Pharmacy,1229140221
FAR042101004273,Farmacia San Giovanni,"VIA NEVA, 24",38039,46.3761187214135,11.6614721879533,,,,,Pharmacy,4414450280
FAR042101004274,ACCORSI ELENA & C. SAS,"VIA DEGLI OLEANDRI, 23",38066,45.8976952008556,10.8442243924117,,,,,Pharmacy,1985610227
FAR042101004275,VINANTE GIORGIO E C. SNC,"VIA LATEMAR, 1/A",38030,46.2817897601343,11.4320162612705,,,,,Pharmacy,2046780223
FAR042101004276,VERMIGLIO,PIAZZA PAPA GIOVANNI XXIII,38029,46.2696160884184,10.6463787491706,,,,,Pharmacy,689440220
FAR042101004277,VAL DI GRESTA,"VIA A. MANZONI, 5",38060,45.8916597,10.9525689,,,,,Pharmacy,9586890965
FAR042101004278,FARMACIA DI GARDOLO SRL,"VIA SOPRASASSO, 32-4",38121,46.1066852,11.1119955,,,,,Pharmacy,2526300229
FAR042101004279,DI MOLVENO,"PIAZZA GUGLIELMO MARCONI, 1/A",38018,46.1425221390597,10.9661351527025,,,,,Pharmacy,1644450221
FAR042101004280,MONTE ALBANO SNC,"VIA TERRA NERA, 45/1B",38065,45.8566608968003,10.9517733419702,,,,,Pharmacy,2207580222
FAR042101004281,CATANZARO MARIA GRAZIA,"VIA VILLA, 27",38010,46.1793313,11.0689304,,,,,Pharmacy,1798760227
FAR042101016627,COMUNALE SAN GIUSEPPE,"VIA VITTORIO VENETO, 39",38122,46.05885165,11.1247846,,,,,Pharmacy,1581140223
FAR042101016651,COMUNALE 2,"VIA BENACENSE, 43",38068,45.88411165,11.04166115,,,,,Pharmacy,1648950226
FAR042101016664,Comunale N.4 Clarina,VIA DEGASPERI,38123,46.0908623121858,11.184660339868,,,,,Pharmacy,1581140223
FAR042101016665,Comunale N.5 S. Dona',"LOC. SAN DONÀ, 50",38122,46.0622059167663,11.1117645926563,,,,,Pharmacy,1581140223
FAR042101016670,COMUNALE N.3 PIO X,"VIA SAN PIO X, 77",38122,46.0524938275703,11.1198202997403,,,,,Pharmacy,1581140223
FAR042101016672,COMUNALE N.6 POVO,"PIAZZA MANCI, 5",38123,46.1385683241641,11.1140450714852,,,,,Pharmacy,1581140223
FAR042101016675,COMUNALE N.7 MEANO,"VIA DELLE SUGARINE, 30",38121,46.1274664,11.1164557,,,,,Pharmacy,1581140223
FAR042101016677,COMUNALE N.8 MADONNA BIANCA,"PIAZZALE EUROPA, 8",38123,46.0622059167663,11.1117645926563,,,,,Pharmacy,1581140223
FAR042101016681,COMUNALE 3,"VIALE TRENTO, 33/2",38068,45.9029876951056,11.0422488803273,,,,,Pharmacy,1648950226
FAR042101016694,Farmacia Comunale Oltresarca,"VIA DELLA STAZIONE, 6",38062,45.91217,10.90198,,,,,Pharmacy,1581140223
FAR042101016698,COMUNALE N.9 PIEDICASTELLO,"VIA BRESCIA, 19/A",38122,46.0706761122494,11.1134151046456,,,,,Pharmacy,1581140223
FAR042101016702,COMUNALE SAN ROCCO,"VIA 3 NOVEMBRE, 7",38060,45.9331674745026,11.0940766642749,,,,,Pharmacy,1581140223
FAR042101016705,Farmacia Comunale San Giuseppe,"VIALE TRENTO, 96",38066,45.8908885137457,10.8463120012802,,,,,Pharmacy,1581140223
FAR042101016707,Farmacia Comunale San Cristoforo,"VIALE EUROPA, 10",38057,46.0616404,11.2398474,,,,,Pharmacy,1581140223
FAR042101016971,COMUNALE N.2 AL S. CAMILLO,"VIA GIOVANNELLI, 5",38122,46.2905400810553,11.4387214382326,,,,,Pharmacy,1581140223
FAR042101017036,Comunale Pietramurata,"VIA BORGO NUOVO, 39",38070,46.0166250533252,10.9416918996483,,,,,Pharmacy,1581140223
FAR042101017037,Farmacia Comunale S. Udalrico,"PIAZZA CESARE BATTISTI, 28",38015,46.1512831931641,11.1042541241409,,,,,Pharmacy,1581140223
FAR042101017110,COMUNALE G.P. ADAMI,"VIA 3 NOVEMBRE, 10",38060,45.9293739971436,11.0636538484615,,,,,Pharmacy,1581140223
FAR042101017217,Dispensario Di Stenico Snc,-,38078,46.0767045,10.9092711,,,,,Pharmacy,2164930220
FAR042101017295,VENEZIAN PATRIZIA,"VIA NEGRELLI, 20/D",38062,45.9186694,10.8669217,,,,,Pharmacy,1920280227
FAR042101017316,COMUNALE N.4 DI ISERA,"VIA C. CAVALIERI, 4/A",38060,45.8939300176161,10.9979685227439,,,,,Pharmacy,1581140223
FAR042101017591,Succursale Gallina Franca,VIA IV NOVEMBRE,38020,46.3237313532266,10.8013158403302,,,,,Pharmacy,1376430227
FAR042101017592,Dispensario Dr.ssa Gallina Franca,-,38020,46.3237313532266,10.8013158403302,,,,,Pharmacy,1376430227
FAR042101017605,Dispensario Dr. Foletto Snc,"VIA VITTORIO EMANUELE, 13",38060,45.894495,10.684473,,,,,Pharmacy,1406250223
FAR042101017607,Dispensario Dr.ssa Covi,PIAZZA CESARE BATTISTI,38081,46.0079083,10.699332,,,,,Pharmacy,1989590227
FAR042101017608,Succursale Tomasi Monica,PIAZZALE FOLGARIDA,38064,46.2905812296433,10.8785019243833,,,,,Pharmacy,1448870228
FAR042101017609,Dispensario Dr. Cattani Paolo,"VIA ARMANDO DIAZ,  1",83081,46.13004000000001,10.758036,,,,,Pharmacy,1338480229
FAR042101017610,Dispensario Dr. Borsato Luigi,"VIA ROMA, 30",38052,46.0448557333752,11.5492038958439,,,,,Pharmacy,1298160225
FAR042101017611,LADINA (SUCCURSALE),"VIA DOLOMITI, 44",38031,46.4904115339574,11.7109587382254,,,,,Pharmacy,2312850221
FAR042101017613,Dispensario Vinante Giorgio E C. Snc,"VIA SEGHERIE, 74",38030,46.2723420099138,11.4210023943257,,,,,Pharmacy,2046780223
FAR042101017615,Dispensario Pasi,"PIAZZA IV NOVEMBRE, 2",38030,46.2696363876654,11.5827165518511,,,,,Pharmacy,2186990228
FAR042101017620,Dispensario RIGONI S.R.L.,"VIA PAISSAN, 25",38060,45.928599,11.071881,,,,,Pharmacy,3060830217
FAR042101017621,Dispensario Stagionale,-,38010,46.1849438268682,11.010115588658,,,,,Pharmacy,17621
FAR042101017624,Dispensario Dr. Zanini Snc,"PIAZZA UNITÀ D'ITALIA, 10A",38030,46.2497503568464,11.170036999747,,,,,Pharmacy,1422590222
FAR042101017625,SUCCURSALE ASCANIO GIANLUCA,VIA NAZIONALE,38020,46.259867,10.585872,,,,,Pharmacy,17625
FAR042101017627,Dispensario Dr. Trintinaglia G.maria,VIA NAZIONALE,38050,45.9942077675575,11.6331029084974,,,,,Pharmacy,921280244
FAR042101017628,Dispensario D.ssa Montelisciani M.loreta,"VIA AMMIRAGLIO BETOLO, 5",38050,46.0989757301504,11.5638552571326,,,,,Pharmacy,401660220
FAR042101017630,Dispensario Farmacia Morelli Snc,"VIA VERDI, 35",38043,46.1618911,11.3034198,,,,,Pharmacy,1813150222
FAR042101017631,Dispensario Farmacia all'Angelo,"PIAZZA CENTRALE, SNC",38010,46.248332022495,11.0042197966811,,,,,Pharmacy,1867580225
FAR042101017716,Dispensario Dr. Kostner Francesco,"VIA VECCHIO ALVEO, 8",38060,45.8393356853709,11.0018249355173,,,,,Pharmacy,2207580222
FAR042101018168,FARMACIE COMUNALI SPA,"VIA ASILO PEDROTTI, 18",38100,46.0589218431499,11.1257667774255,,,,,Pharmacy,1581140223
FAR042101018181,COMUNALE COGNOLA,"P.ZZA DELL'ARGENTARIO, 10",38121,46.0622059167663,11.1117645926563,,,,,Pharmacy,1581140223
FAR042101018319,Dispensario Farmacia Chinaglia Monica,"VIA STAZIONE, 2",38060,45.8796317371432,10.8930089786585,,,,,Pharmacy,1370730226
FAR042101018320,Dispensario Farmaceutico Di Fornace,"VIA DEL BORGOLET, 12/A",38040,46.1231874045505,11.2064208000268,,,,,Pharmacy,828140228
FAR042101018325,Dispensario Magafarma s.r.l.,"VIA ROMA, 7",38071,46.0109072555792,10.7944126381545,,,,,Pharmacy,2345010223
FAR042101018352,Farmacia San Rocco,VIA IV NOVEMBRE,38010,46.16728699999999,11.110436,,,,,Pharmacy,2465680227
FAR042101018390,Farmacia Di Roncafort Di Tialfarma Srl,"VIA LUIGI CANEPPELE, 31/A",38121,46.0974127707554,11.1029610645526,,,,,Pharmacy,2496780228
FAR042101018393,Ruperti Salvatore,"VIA D'OLTREFERSINA, 133",38057,46.08323575,11.21914735,,,,,Pharmacy,3553690243
FAR042101018411,SARCHE,"VIA GERONI, 5",38072,46.0485028276484,10.9758140551811,,,,,Pharmacy,2135830228
FAR042101018432,Farmacia Comunale Castelnuovo,"PIAZZA MUNICIPIO, 13/B",38050,46.05225,11.494495,,,,,Pharmacy,2116430220
FAR042101018464,FARMACIA DI CARANO SNC,"VIA GIOVANELLI, 38",38033,46.2983914049297,11.406864080696,,,,,Pharmacy,2305720225
FAR042101018642,COMUNALE TENNO,"VIA DEI LAGHI, 4",38060,45.9227632007897,10.830151590822,,,,,Pharmacy,18642
FAR042101018668,FARMACIE COMUNALI SPA,"VIA ROMA, 6/A",38060,45.9385840088118,11.1103068808492,,,,,Pharmacy,1581140223
FAR042101018822,San Giorgio,"VIA UNIONE, 83",38068,45.8952385,11.0276615,,,,,Pharmacy,2094520224
FAR042101018834,CAMPAGNOLO,VIA ALLE SETTE FONTANE,38123,46.0696924,11.1210886,,,,,Pharmacy,3673210617
FAR042101019001,COMUNALE N. 5,"VIA DEL GARDA, 175",38068,45.87278329999999,11.024704,,,,,Pharmacy,1648950226
FAR042101019298,FARMACIA IGEA SNC DEL DR.EL ZENNAR MOHAMMAD MAHLOUL E C.,"VIA MILANO, 68",38122,46.06091319999999,11.1280755,,,,,Pharmacy,2585120229
FAR042101019376,DISPENSARIO DI NOGAREDO,"VIA SAN BIAGIO, 4",38060,46.0747793,11.1217486,,,,,Pharmacy,1581140223
FAR042101020455,Farmacia Rigon,"VIA MOSCHERI, 7",38068,-,-,,,,,Pharmacy,814060224
FAR042101020775,Farmacia Bifarini,"VIA TRENTO, 7",38023,-,-,,,,,Pharmacy,2608720229
FAR042101020783,Farmacia Rotaliana srl,"VIA FIORINI, 37",38017,-,-,,,,,Pharmacy,2607700222
FAR042101020784,Farmacia San Francesco di Dr.ssa Giovanna Bertolo,"VIA GIUSEPPE GIUSTI, 20-22",38122,-,-,,,,,Pharmacy,12407610018
FAR042101020794,Farmacia alla Madonna di Dott.Giovanni Condemi  e Dott.ssa Michelina Bozzuto S.n.c,"VIA SANTA CATERINA, 80/A",38062,-,-,,,,,Pharmacy,2604710224
FAR042101020813,FARMACIA SANTA MARIA dei dottori ANGIOLA MALGARISE e ALESSANDRO GUGOLE Snc,"VIA LAGORAI, 12",38057,-,-,,,,,Pharmacy,2627130228
FAR042101020824,Farmacia Sant'alessandro,"VIA ROVIGO, 25",38066,-,-,,,,,Pharmacy,2634700229
FAR042101020825,FARMACIA MOLINA DI LEDRO SNC DEL DR. FABRIZIONAPOLITANI E DELLA DR.SSA ARIANNA FERRETT,"VIA MAFFEI, 3",38067,-,-,,,,,Pharmacy,2632930224
FAR042101020872,Farmacia Cappelletti Mezzocorona,"VIA ROMANA, 16",38016,-,-,,,,,Pharmacy,2642820225
PFA042101002507,COOP SUPERSTORE CENTRO COMM.DIR.TRENTO SUD,VIA DE GASPERI 1-11-12-13-17,38100,46.14863,11.0950399,,,,,Parapharmacy,1542000227
PFA042101002508,COOP SUPERSTORE MILLENIUM,VIA DEL GARDA 95,38068,45.8725985975744,11.021257749762,,,,,Parapharmacy,1542000227
PFA042101003394,ERBORISTERIA ANCUSA,VIA REGENSBURGER 43,38057,46.0702663118121,11.2376773447364,,,,,Parapharmacy,1457730222
PFA042101003686,ARS MEDICA DI LAURA BALDUCCI & LORENZA VENTURA SNC,VIA MARCONI 20,38086,46.1590562564702,10.7632459687159,,,,,Parapharmacy,1534610223
PFA042101003915,PARAFARMACIA DOTT.SSA SITTONI ANGELA,VIA 3 NOVEMBRE NR. 1,38057,46.060829,11.241801,,,,,Parapharmacy,2037520224
PFA042101004180,DARMA IL FARMASTORE,VIA TAMARISI 2,38057,46.0616404,11.2398474,,,,,Parapharmacy,1997290224
PFA042101004198,FARMA SRL,VIALE DANTE 30,38066,45.88637199999999,10.842593,,,,,Parapharmacy,2373650221
PFA042101004590,PARAFARMACIA ESSERE BENESSERE,STREDA DOLOMITES 103,38032,46.47726,11.74418,,,,,Parapharmacy,1469460297
PFA042101006268,FARMA  SRL,VIA ROSMINI 50,38068,45.8915375,11.0384953,,,,,Parapharmacy,2279210229
PFA042101006752,DARMA IL FARMASTORE,VIALE VERONA 67/69,38123,46.0427575586414,11.1314631169961,,,,,Parapharmacy,1997290224
PFA042101007773,PARAFARMACIA,"VIA CIMA TOSA, 49/B MADONNA DI CAMPIGLIO",38086,46.2330224772044,10.8249051653774,,,,,Parapharmacy,2227470222
PFA042101007978,A FIOR DI PELLE,VIA DELL' ISCHIA 8,38030,46.2696363876654,11.5827165518511,,,,,Parapharmacy,2190770228
PFA042101008788,PHARMAVITAE SRL,VIA ROMA 27,38064,45.9156012850045,11.1722331817432,,,,,Parapharmacy,7974200961
PFA042101009866,CORNER PARAFARMACIA C/O SUPERMERCATI POLI MARAMEO,CORSO 3 NOVEMBRE 57,38122,46.060919,11.125327,,,,,Parapharmacy,2251300220
PFA042101010198,ANIMAL STORE MOLINO PONTALTI SRL,"LOCALITÀ MOCHENA, 5",38045,46.088711,11.182382,,,,,Parapharmacy,2217160221
PFA042101010308,GRANDI MAGAZZINI REGINA,"VIA S. CATERINA, 78",38062,45.910875,10.87268,,,,,Parapharmacy,823460225
PFA042101010690,PARAFARMACIA FESTA DEL DOTT. CANDEAGO ALESSANDRO S.A.S,"PIAZZALE PIAZ DE RAMON, 54",38035,46.376587,11.661125,,,,,Parapharmacy,2353200229
PFA042101011443,CORNER PARAFARMACIA C/O GRANDI MAGAZZINI REGINA,"VIA SANTA CATERINA, 78",38062,45.9140202,10.8770976,,,,,Parapharmacy,2804370241
PFA042101011453,PARAFARMACIA RIVA DEL GARDA,"VIA PADOVA, 5",38066,45.8828899,10.8546121,,,,,Parapharmacy,1447650332
PFA042101011463,PARAFARMACIA DR. ROBERTO GIUS,"VIA GIUSEPPE CANESTRINI, 25",38122,46.06804,11.11685,,,,,Parapharmacy,2397190220
PFA042101011470,CONAD,"CORSO ROSMINI, 31",38068,45.8909429,11.0390078,,,,,Parapharmacy,2347740223
PFA042101011481,PARAFARMACIA LAGORAI DI VALERIA MANGIAFICO,"PIAZZA SCOPOLI, 5",38033,46.0747793,11.1217486,,,,,Parapharmacy,2082670221
PFA042101011575,PARAFARMACIA LA PERLA DI RIGONI LUCA,"PIAZZA SOTEGRAVA, 15",38035,46.0747793,11.1217486,,,,,Parapharmacy,2353460229
PFA042101011625,PARAFARMACIA IL FARMACISTA DEL CENTRO,"CORSO VICENZA, 47",38051,46.05285,11.49125,,,,,Parapharmacy,2409660228
PFA042101011706,PARAFARMACIA CAMPAGNOLA,"VIA TRENTO, 65/A",38017,46.1520044,11.0987156,,,,,Parapharmacy,2412470227
PFA042101012096,COLORVISION OUTLET SRL,"VIA DEI SOLTERI, 4/3",38121,46.085055,11.122887,,,,,Parapharmacy,2430000220
PFA042101012158,FARMASI',"VIA SS. TRINITA', 12",38122,46.0747793,11.1217486,,,,,Parapharmacy,2466720220
PFA042101012403,PARAFARMACIA SAN MARTINO,"VIA PASSO ROLLE, 108",38054,46.26158,11.79999,,,,,Parapharmacy,1232670222
PFA042101012650,PARAFARMACIA GALILEI,"VIA G. GALILEI, 31",38122,46.1363523,11.092278599999986,,,,,Parapharmacy,2257880225
PFA042101012836,FARMAFREE MEZZOLOMBARDO,"VIA GUIDO FIORINI, 10",38017,46.20896143341773,11.101486086845398,,,,,Parapharmacy,5588930486
PFA042101013008,PARAFARMACIA VETERINARIATRIDENTINA,"VIA GUETTI, 38",38121,46.0887749,11.108602399999995,,,,,Parapharmacy,413440223
PFA042101013134,PARAFARMACIA BENESSERE,"VIA TAMARISI, 2",38057,46.0674676,11.223397900000007,,,,,Parapharmacy,2804370241
PFA042101013225,PARAFARMACIA LA PERLA DI RIGONI LUCA,"VIA FRATELLI BRONZETTI, 11",38033,46.291186956566094,11.461171289291883,,,,,Parapharmacy,2353460229
